id,group,first_name,age,salary,is_active
1,,Drew,42,110865.00,true
2,,Harper,60,126459.00,false
3,,Parker,59,102815.00,true
4,,Avery,61,55580.00,true
5,,Jordan,28,103937.00,true
6,,Parker,65,86187.00,true
7,,Morgan,38,90568.00,false
8,,Morgan,54,128586.00,true
9,,Kai,27,118066.00,false
10,,Jordan,51,63466.00,false
11,Engineering,,45,92650.00,false
12,Operations,,27,97268.00,false
13,Engineering,,49,111369.00,false
14,Operations,,55,78900.00,false
15,Operations,,54,112893.00,true
16,Sales,,30,152234.00,true
17,Engineering,,61,101283.00,false
18,Sales,,52,75005.00,true
19,Operations,,65,106525.00,false
20,Operations,,64,85321.00,false
21,Operations,Noel,34,,false
22,Marketing,Avery,24,,true
23,Operations,Parker,45,,true
24,Marketing,Parker,51,,false
25,Operations,Blake,40,,false
26,Operations,Drew,50,,false
27,Operations,Finley,49,,false
28,Engineering,Indigo,53,,false
29,Engineering,Gray,48,,true
30,Operations,Avery,27,,true
31,Operations,Cameron,61,149041.00,true
32,Sales,Drew,61,50853.00,false
33,Marketing,Emerson,22,86083.00,false
34,Sales,Harper,52,122061.00,true
35,Marketing,Cameron,48,132628.00,true
36,Sales,Jordan,54,99006.00,false
37,Sales,Gray,46,46852.00,true
38,Operations,Cameron,25,154287.00,false
39,Marketing,Avery,23,111897.00,false
40,Marketing,Jordan,50,87735.00,true
41,Operations,Oakley,58,126081.00,true
42,Sales,Gray,49,126702.00,false
43,Operations,Harper,65,138176.00,true
44,Operations,Blake,34,129833.00,true
45,Engineering,Blake,50,158782.00,true
46,Operations,Avery,30,129626.00,true
47,Sales,Finley,64,155673.00,true
48,Operations,Indigo,49,114862.00,false
49,Engineering,Morgan,41,69536.00,false
50,Sales,Indigo,51,110221.00,false
51,Marketing,Oakley,33,87701.00,false
52,Operations,Drew,55,149412.00,false
53,Engineering,Gray,36,45643.00,true
54,Operations,Kai,48,116442.00,true
55,Engineering,Logan,32,91098.00,true
56,Engineering,Indigo,57,143467.00,true
57,Marketing,Indigo,64,117841.00,true
58,Engineering,Indigo,28,102154.00,true
59,Engineering,Blake,44,139680.00,true
60,Engineering,Kai,39,122084.00,true
61,Marketing,Kai,32,79191.00,false
62,Engineering,Avery,48,158573.00,false
63,Operations,Avery,25,57641.00,true
64,Engineering,Jordan,29,57303.00,false
65,Marketing,Oakley,60,127015.00,true
66,Operations,Kai,60,73263.00,false
67,Operations,Drew,65,94040.00,false
68,Operations,Jordan,44,52553.00,false
69,Engineering,Jordan,43,82952.00,true
70,Marketing,Noel,42,121756.00,true
71,Marketing,Gray,57,52359.00,true
72,Sales,Drew,29,49891.00,true
73,Marketing,Jordan,23,100675.00,true
74,Marketing,Noel,46,94438.00,true
75,Operations,Harper,30,69047.00,true
76,Operations,Indigo,31,74917.00,true
77,Engineering,Indigo,56,107762.00,false
78,Marketing,Kai,30,127153.00,true
79,Sales,Blake,63,158524.00,false
80,Marketing,Kai,25,131228.00,true
81,Sales,Parker,25,74076.00,true
82,Operations,Logan,36,118608.00,false
83,Marketing,Gray,45,92069.00,false
84,Operations,Parker,65,121097.00,false
85,Sales,Finley,62,98810.00,true
86,Operations,Avery,44,151660.00,false
87,Engineering,Finley,27,84195.00,false
88,Marketing,Emerson,28,47405.00,true
89,Marketing,Blake,47,94883.00,true
90,Engineering,Cameron,31,141020.00,false
91,Marketing,Indigo,41,50451.00,true
92,Sales,Jordan,40,115931.00,false
93,Marketing,Emerson,46,69732.00,true
94,Operations,Noel,44,151447.00,true
95,Engineering,Finley,42,115660.00,true
96,Sales,Avery,29,112501.00,true
97,Marketing,Cameron,45,84668.00,true
98,Sales,Harper,30,58928.00,false
99,Operations,Drew,26,94964.00,false
100,Marketing,Drew,44,107178.00,false
101,Engineering,Harper,44,134592.00,false
102,Marketing,Cameron,26,147111.00,true
103,Operations,Jordan,38,143735.00,true
104,Sales,Kai,49,111358.00,false
105,Marketing,Parker,47,86114.00,true
106,Sales,Oakley,36,158432.00,false
107,Marketing,Noel,59,95020.00,true
108,Sales,Oakley,58,131093.00,true
109,Operations,Indigo,43,154529.00,true
110,Marketing,Indigo,50,79553.00,true
111,Marketing,Harper,43,63804.00,true
112,Marketing,Jordan,58,105039.00,false
113,Operations,Avery,57,138908.00,false
114,Operations,Kai,28,134020.00,false
115,Sales,Noel,44,129964.00,false
116,Engineering,Morgan,33,46378.00,false
117,Marketing,Emerson,43,120884.00,false
118,Operations,Parker,43,46540.00,true
119,Sales,Drew,64,156659.00,false
120,Marketing,Avery,35,148644.00,false
121,Marketing,Logan,27,117845.00,true
122,Engineering,Drew,31,88251.00,true
123,Operations,Gray,60,133230.00,true
124,Marketing,Cameron,58,99662.00,true
125,Engineering,Avery,39,99989.00,true
126,Sales,Harper,52,131230.00,false
127,Marketing,Logan,42,124509.00,false
128,Marketing,Parker,42,154964.00,false
129,Engineering,Parker,30,47853.00,false
130,Marketing,Indigo,51,71048.00,false
131,Marketing,Morgan,41,73612.00,true
132,Operations,Cameron,63,131659.00,false
133,Operations,Cameron,54,113477.00,false
134,Operations,Kai,64,89513.00,false
135,Sales,Cameron,57,158180.00,true
136,Marketing,Morgan,62,58941.00,true
137,Engineering,Oakley,37,72481.00,false
138,Sales,Gray,39,146683.00,false
139,Sales,Kai,45,130311.00,false
140,Sales,Emerson,60,117261.00,true
141,Sales,Emerson,64,120096.00,true
142,Engineering,Indigo,41,152434.00,true
143,Sales,Indigo,56,135826.00,false
144,Sales,Oakley,32,69454.00,true
145,Sales,Emerson,48,129046.00,false
146,Engineering,Jordan,36,112446.00,false
147,Engineering,Oakley,65,142930.00,false
148,Sales,Kai,31,138692.00,true
149,Operations,Avery,25,57406.00,false
150,Marketing,Kai,23,66470.00,true
151,Engineering,Noel,64,101771.00,true
152,Sales,Harper,36,131720.00,false
153,Sales,Logan,32,115236.00,false
154,Operations,Oakley,45,137411.00,true
155,Marketing,Oakley,57,124509.00,false
156,Engineering,Gray,34,60185.00,true
157,Marketing,Finley,29,67560.00,true
158,Operations,Gray,49,48997.00,true
159,Marketing,Jordan,45,97206.00,true
160,Operations,Oakley,39,155161.00,false
161,Operations,Emerson,28,148983.00,true
162,Sales,Logan,51,94466.00,true
163,Marketing,Indigo,65,55332.00,false
164,Operations,Logan,56,153259.00,true
165,Marketing,Jordan,24,55556.00,true
166,Engineering,Oakley,58,59260.00,false
167,Operations,Parker,56,47879.00,true
168,Marketing,Emerson,23,58782.00,false
169,Engineering,Finley,56,157784.00,false
170,Engineering,Blake,26,143642.00,true
171,Marketing,Emerson,41,106706.00,true
172,Marketing,Oakley,37,97433.00,true
173,Marketing,Noel,24,109088.00,true
174,Sales,Oakley,34,145766.00,true
175,Operations,Morgan,52,114456.00,true
176,Operations,Gray,46,140713.00,true
177,Operations,Emerson,40,76593.00,false
178,Marketing,Noel,59,48446.00,false
179,Sales,Drew,58,93298.00,true
180,Engineering,Finley,51,98136.00,true
181,Engineering,Noel,47,45756.00,true
182,Sales,Blake,38,143535.00,true
183,Marketing,Logan,27,78469.00,true
184,Engineering,Gray,62,150260.00,true
185,Operations,Blake,44,135946.00,false
186,Engineering,Gray,63,130354.00,false
187,Engineering,Jordan,27,67064.00,true
188,Marketing,Gray,22,82604.00,true
189,Operations,Indigo,26,136842.00,true
190,Sales,Parker,25,115997.00,false
191,Sales,Morgan,51,56463.00,true
192,Engineering,Avery,48,95572.00,true
193,Operations,Finley,32,76049.00,true
194,Sales,Kai,47,81559.00,true
195,Operations,Cameron,23,90132.00,true
196,Sales,Harper,52,159107.00,true
197,Marketing,Finley,53,117104.00,true
198,Sales,Avery,46,56742.00,false
199,Operations,Kai,54,91656.00,true
200,Engineering,Indigo,37,60149.00,false
